name,email,age
Lotta Casham,lcasham0@amazon.de,2562750
Loise Missington,lmissington1@so-net.ne.jp,5791317
Dominica Iacobucci,diacobucci2@webnode.com,2929549
Alysia Brockbank,abrockbank3@1und1.de,5580890
Cleveland Trask,ctrask4@scribd.com,8819779
Boris Jelphs,bjelphs5@rambler.ru,2073477
Loralie Beneyto,lbeneyto6@umich.edu,2537204
Mariya McTrustram,mmctrustram7@nyu.edu,1001369
Laurene Lashmar,llashmar8@army.mil,1453807
Peder Marlow,pmarlow9@fda.gov,206434
Nannie Corrigan,ncorrigana@vkontakte.ru,7180332
Angel Franklen,afranklenb@cbsnews.com,9541731
Harcourt Mossman,hmossmanc@japanpost.jp,4956788
Quint Wackett,qwackettd@hostgator.com,2744174
Reta Shorland,rshorlande@zdnet.com,1393103
Tracie Pardi,tpardif@walmart.com,3553498
Alika Lapham,alaphamg@hud.gov,5920277
Gun Towell,gtowellh@domainmarket.com,9103884
Graeme Clapison,gclapisoni@ucoz.com,9158499
Karim Kinsey,kkinseyj@arstechnica.com,308601
Shannon Doylend,sdoylendk@apple.com,5236154
Olwen Bousfield,obousfieldl@icq.com,9756612
Bonita Rubinlicht,brubinlichtm@skyrock.com,1777786
Marcel Wickwar,mwickwarn@nymag.com,5615215
Jaclyn Buckner,jbucknero@usda.gov,2986198
Alley Grzelczyk,agrzelczykp@163.com,6653696
Constance McReynold,cmcreynoldq@flickr.com,767277
Wright Wrassell,wwrassellr@privacy.gov.au,585276
Sully Hattrick,shattricks@unesco.org,1303851
Josias Bourton,jbourtont@tripadvisor.com,9314440
Maddi Yesenin,myeseninu@yahoo.co.jp,8301506
Diann Moakes,dmoakesv@instagram.com,9378565
Lay Hampson,lhampsonw@forbes.com,2818819
Mora Ducket,mducketx@bluehost.com,6101942
Hobey Lambole,hlamboley@arstechnica.com,717522
Bambie Parnell,bparnellz@nationalgeographic.com,9566322
Jeramey Kinworthy,jkinworthy10@mit.edu,9349277
Marcel Schapiro,mschapiro11@cnbc.com,2656656
Steffen Dumbreck,sdumbreck12@netlog.com,8286137
Gael Gallamore,ggallamore13@un.org,1805328
Elie Czyz,eczyz14@bloomberg.com,2526244
Merrili Kintzel,mkintzel15@ning.com,3975613
Isacco Kingsmill,ikingsmill16@shinystat.com,4841196
Taryn Frail,tfrail17@wiley.com,8061108
Silvain Daniels,sdaniels18@businessinsider.com,7048390
Nerita Adanez,nadanez19@friendfeed.com,3285335
Susette Fincher,sfincher1a@ed.gov,4282642
Mable Stert,mstert1b@joomla.org,4596475
Conant Itshak,citshak1c@gravatar.com,7978946
Avis Alliot,aalliot1d@ucoz.ru,1082611
Kippy Rubinchik,krubinchik1e@360.cn,5546662
Loria Whichelow,lwhichelow1f@icio.us,5550446
Nicky Halpine,nhalpine1g@w3.org,9053003
Nicolette Maccari,nmaccari1h@foxnews.com,5606343
Germaine Boldison,gboldison1i@moonfruit.com,7138875
Gerladina McDill,gmcdill1j@salon.com,6638212
Joan Gilchrest,jgilchrest1k@hp.com,1413314
Rozella Prothero,rprothero1l@hibu.com,8603032
Ann Onraet,aonraet1m@sbwire.com,5914810
Shirley Chrishop,schrishop1n@toplist.cz,5592798
Brock Vooght,bvooght1o@blogspot.com,6198482
Judy Heyburn,jheyburn1p@discovery.com,2098108
Wallie Harpur,wharpur1q@pcworld.com,555318
Idaline Van Dalen,ivan1r@usgs.gov,9809429
Rois Goldes,rgoldes1s@symantec.com,6139605
Marven Arondel,marondel1t@ebay.com,8809860
Giulietta Geldard,ggeldard1u@lulu.com,7731539
Tybalt Bowkley,tbowkley1v@seesaa.net,2170487
Lurette Siggery,lsiggery1w@xing.com,9649398
Nikoletta Roden,nroden1x@purevolume.com,5487670
Wandie Swedeland,wswedeland1y@altervista.org,3532535
Kori Ioan,kioan1z@tumblr.com,4527512
Jacqueline Witton,jwitton20@indiegogo.com,9080887
Jobi Fritz,jfritz21@indiatimes.com,5354285
Giffard Cordie,gcordie22@photobucket.com,7597770
Arlyn Strothers,astrothers23@irs.gov,1429802
Thorny Risson,trisson24@booking.com,9823656
Clemence McCawley,cmccawley25@multiply.com,2279368
Jaynell Matherson,jmatherson26@blogspot.com,7019155
Norean Broad,nbroad27@nasa.gov,9939490
Mira Whiffen,mwhiffen28@answers.com,7049531
Mirella Lownsbrough,mlownsbrough29@nyu.edu,5104674
Lou Grayson,lgrayson2a@themeforest.net,3163037
Rhodia Tipens,rtipens2b@sina.com.cn,5456795
Molli Endecott,mendecott2c@cam.ac.uk,7047200
Jonie Jerrems,jjerrems2d@adobe.com,8600373
Shelley Langworthy,slangworthy2e@thetimes.co.uk,7791086
Doroteya Edel,dedel2f@paginegialle.it,7837402
Deni Maudson,dmaudson2g@chronoengine.com,9768767
Nev Hencke,nhencke2h@vistaprint.com,6561964
Muhammad Sumers,msumers2i@360.cn,6129340
Ray Vollam,rvollam2j@blinklist.com,824020
Beauregard Pirot,bpirot2k@yahoo.com,3330168
Jilly Houliston,jhouliston2l@indiegogo.com,8941104
Nev Paulmann,npaulmann2m@cbslocal.com,9546219
Francyne Loveridge,floveridge2n@geocities.com,2094048
Wynny Margerrison,wmargerrison2o@indiatimes.com,6348987
Ivonne Lace,ilace2p@twitter.com,748955
Celestia Sisse,csisse2q@wikia.com,9034329
Wainwright Greeno,wgreeno2r@amazon.co.jp,1778463
Diena Finkle,dfinkle2s@yolasite.com,4349502
Duff Polon,dpolon2t@exblog.jp,5751961
Wanda McNeachtain,wmcneachtain2u@friendfeed.com,7387647
Loydie MacFadzean,lmacfadzean2v@yellowbook.com,3759892
Garry Jeduch,gjeduch2w@furl.net,5102746
Angel Barlee,abarlee2x@google.ca,9340084
Roland Rauprich,rrauprich2y@google.com.br,3443090
Dusty Horsted,dhorsted2z@abc.net.au,4620528
Rip Arlott,rarlott30@nbcnews.com,5587446
Margaret Pooly,mpooly31@yellowpages.com,4045596
Northrup Stubbs,nstubbs32@github.io,9897435
Gail Lorrie,glorrie33@biblegateway.com,5809723
Basile Stocken,bstocken34@fda.gov,5568388
Sayer Ehlerding,sehlerding35@histats.com,7187410
Koo Ruddock,kruddock36@uiuc.edu,9078575
Nonna Huller,nhuller37@wiley.com,3425954
Ninnetta Crosthwaite,ncrosthwaite38@weebly.com,3846361
Terrell Garwill,tgarwill39@nps.gov,1128723
Berenice Blaszkiewicz,bblaszkiewicz3a@mozilla.com,7594732
Nanine Tokley,ntokley3b@cyberchimps.com,1267270
Bald Gager,bgager3c@usda.gov,1437040
Herby Leabeater,hleabeater3d@psu.edu,4794173
Nico Dyshart,ndyshart3e@blogtalkradio.com,5366257
Hall Knocker,hknocker3f@hp.com,7043967
Ikey Marti,imarti3g@blogger.com,9797634
Fabiano Usherwood,fusherwood3h@wired.com,5499619
Sena Kores,skores3i@auda.org.au,543848
Sloane Cleaver,scleaver3j@posterous.com,9272479
Casi Kitchen,ckitchen3k@google.fr,6892739
Christabella Legrice,clegrice3l@trellian.com,1767132
Chandal Farndale,cfarndale3m@skyrock.com,5425599
Allix Keavy,akeavy3n@mysql.com,2305091
Orrin Willson,owillson3o@w3.org,1924341
Allard Saxon,asaxon3p@senate.gov,6271750
Kial Pikesley,kpikesley3q@cpanel.net,9148155
Bobbee Bodell,bbodell3r@nymag.com,9762497
Corri Masding,cmasding3s@cafepress.com,859842
Claude Kehir,ckehir3t@craigslist.org,4263100
Hastings Lukehurst,hlukehurst3u@yandex.ru,8781019
Selena Holah,sholah3v@pcworld.com,6334200
Karlis Waison,kwaison3w@google.com.au,3365839
Helene Lindwall,hlindwall3x@phpbb.com,9821830
Gretel Doorbar,gdoorbar3y@google.ru,8776555
Raul Danilenko,rdanilenko3z@noaa.gov,3545859
Louis Bushnell,lbushnell40@google.cn,4076492
Franz McLleese,fmclleese41@a8.net,4106906
Thibaut Kerbler,tkerbler42@statcounter.com,34183
Rana Studeart,rstudeart43@soup.io,7833220
Jasun Ballantyne,jballantyne44@mapy.cz,8054388
Jennette Bradnocke,jbradnocke45@cloudflare.com,3385454
Lelah MacKettrick,lmackettrick46@ifeng.com,6313074
Ogden Dibden,odibden47@sohu.com,1063197
Karlee Sirkett,ksirkett48@paypal.com,403094
Lilyan Guidera,lguidera49@ifeng.com,2455699
Niko Lassell,nlassell4a@who.int,6636354
Julie McBratney,jmcbratney4b@qq.com,9967713
Denis Cansfield,dcansfield4c@reddit.com,997399
Bryana Scurman,bscurman4d@sbwire.com,9428605
Robyn Ayris,rayris4e@wordpress.com,8279768
Franklyn Orae,forae4f@123-reg.co.uk,6609754
Emelen Menendes,emenendes4g@samsung.com,1067201
Beale Morican,bmorican4h@bing.com,5336141
Dar Jepson,djepson4i@mac.com,6663177
Lana Dibbin,ldibbin4j@bbb.org,9823853
Kelsey Fazzioli,kfazzioli4k@huffingtonpost.com,4785497
Byran Cutler,bcutler4l@netlog.com,8357492
Evanne Bark,ebark4m@e-recht24.de,3531259
Carree Sweett,csweett4n@ycombinator.com,6135393
Winthrop Kiendl,wkiendl4o@hc360.com,5809937
Linnea Oldcote,loldcote4p@indiegogo.com,2841456
Town Alten,talten4q@printfriendly.com,3704949
Friedrick Robson,frobson4r@blogs.com,2741074
Jillana Whiteway,jwhiteway4s@tuttocitta.it,8196207
Chrissy Shergold,cshergold4t@yelp.com,1601674
Carita Barlee,cbarlee4u@japanpost.jp,7527985
Becca Desmond,bdesmond4v@home.pl,5281489
Diandra Kynsey,dkynsey4w@telegraph.co.uk,1759908
Janie Hammerton,jhammerton4x@instagram.com,933627
Carce Duncanson,cduncanson4y@apple.com,6384297
Roxanna Tocque,rtocque4z@woothemes.com,7635590
Dasie Dwelly,ddwelly50@goo.gl,4316282
Coleman Curzon,ccurzon51@people.com.cn,8618413
Darryl Troyes,dtroyes52@addthis.com,7139107
Leonhard Ayton,layton53@imdb.com,4687073
Miran Stavers,mstavers54@cbc.ca,5112047
Cly Monnery,cmonnery55@nasa.gov,2134802
Orville Treadgear,otreadgear56@nifty.com,9293861
Mallorie Marsay,mmarsay57@sohu.com,6771256
Rand Rudiger,rrudiger58@moonfruit.com,9294043
Cesaro Yerby,cyerby59@usnews.com,1709058
Paulie Hugle,phugle5a@marketwatch.com,227074
Beulah Shackesby,bshackesby5b@tumblr.com,2406470
Roxane Neames,rneames5c@simplemachines.org,3545170
Marysa Staten,mstaten5d@sbwire.com,2088541
Tiebout Kleinplatz,tkleinplatz5e@free.fr,7127250
Quint Gamil,qgamil5f@cmu.edu,6984770
Alisun Schultze,aschultze5g@tuttocitta.it,5553878
Maxine Dalinder,mdalinder5h@amazon.co.uk,849922
Mathian Ruslin,mruslin5i@jigsy.com,4565776
Cecil Dies,cdies5j@microsoft.com,1288201
Ty Farquarson,tfarquarson5k@mac.com,1945050
Randy Pauwel,rpauwel5l@bizjournals.com,299469
Goraud Inchcomb,ginchcomb5m@pcworld.com,922226
Conroy Kermitt,ckermitt5n@booking.com,8477847
Birgit California,bcalifornia5o@columbia.edu,1976954
Deni Croome,dcroome5p@wisc.edu,267998
Grant Stoffels,gstoffels5q@ibm.com,3906435
Luisa Spavins,lspavins5r@nih.gov,5208820
Mallissa Ebbing,mebbing5s@ted.com,7840013
Darill Maxted,dmaxted5t@si.edu,3222202
Alleen Walter,awalter5u@nyu.edu,7852944
Angus Rolse,arolse5v@comcast.net,8527665
Codee Askam,caskam5w@theguardian.com,3831358
Robbie Ead,read5x@netlog.com,8429104
Sonny Burgum,sburgum5y@wsj.com,1460625
Elie McCook,emccook5z@washingtonpost.com,6117077
Caterina Leahy,cleahy60@tripadvisor.com,6350894
Bertrando Eadmeads,beadmeads61@slate.com,2670209
Domeniga Drummer,ddrummer62@ebay.com,7536422
Zedekiah Byrth,zbyrth63@photobucket.com,6517028
Peria Umbert,pumbert64@hhs.gov,4611255
Ibrahim Danell,idanell65@addthis.com,5442479
Delora Boggish,dboggish66@altervista.org,7050575
Sibley Gladwin,sgladwin67@wp.com,318405
Gus Copeman,gcopeman68@scientificamerican.com,674327
Leonelle Le Batteur,lle69@blogtalkradio.com,8148439
Colline Jovanovic,cjovanovic6a@jalbum.net,5801985
Duky Yoslowitz,dyoslowitz6b@wikipedia.org,4288966
Sibel Oldland,soldland6c@blogspot.com,6136297
Starlene Keepin,skeepin6d@qq.com,8503483
Dallis Asser,dasser6e@cpanel.net,4720905
Major Dykas,mdykas6f@latimes.com,6136731
Herbie Rengger,hrengger6g@senate.gov,313352
Willie Kamienski,wkamienski6h@buzzfeed.com,3660702
Garrott Bennis,gbennis6i@trellian.com,2972773
Tallie Glover,tglover6j@cornell.edu,3731646
Frederik Godman,fgodman6k@wordpress.com,9989369
Clare Luton,cluton6l@alibaba.com,8697761
Cal Wagnerin,cwagnerin6m@technorati.com,6359134
Ruthie Barcroft,rbarcroft6n@hao123.com,949383
Rory Farman,rfarman6o@skyrock.com,789554
Adrian Abrahams,aabrahams6p@multiply.com,8064486
Maryl Domnick,mdomnick6q@networkadvertising.org,3486366
Kym Bosward,kbosward6r@shinystat.com,5270010
Auroora Taylerson,ataylerson6s@nydailynews.com,4012255
Trace Comben,tcomben6t@soundcloud.com,6762300
Jacinthe Pesticcio,jpesticcio6u@naver.com,8233996
Odella Donegan,odonegan6v@exblog.jp,6857167
Adore Nare,anare6w@wikia.com,2875123
Katya Andrusov,kandrusov6x@cam.ac.uk,8582345
Carol Banks,cbanks6y@aboutads.info,1293186
Harcourt Creffeild,hcreffeild6z@wired.com,9896803
Gardner Fillis,gfillis70@google.es,9915432
Orella Hackworthy,ohackworthy71@hatena.ne.jp,1174001
Raddy Rivalland,rrivalland72@e-recht24.de,4364124
Elsbeth Kubacki,ekubacki73@quantcast.com,9083046
Lanae McIlherran,lmcilherran74@barnesandnoble.com,3973869
Tiff Clingoe,tclingoe75@addtoany.com,8543120
Ulberto Maynell,umaynell76@intel.com,4515923
Lanita Reignolds,lreignolds77@time.com,1113344
Michele Parslow,mparslow78@so-net.ne.jp,3952356
Andrew Jahncke,ajahncke79@thetimes.co.uk,9849584
Cairistiona Bugbee,cbugbee7a@etsy.com,8894656
Sophie McGaugan,smcgaugan7b@google.es,6856946
Brena Van der Krui,bvan7c@state.gov,5482321
Hugues Pye,hpye7d@example.com,2002129
Juieta Tomkowicz,jtomkowicz7e@typepad.com,3775389
Sella Haill,shaill7f@github.io,1000905
Ethe Curneen,ecurneen7g@yandex.ru,1126653
Ephrayim Farraway,efarraway7h@over-blog.com,6540161
Winifield Axtens,waxtens7i@deviantart.com,4526872
Findlay Scaysbrook,fscaysbrook7j@opera.com,165414
Ula Davern,udavern7k@cargocollective.com,9837084
Dane Byre,dbyre7l@dropbox.com,8210987
Washington Gillivrie,wgillivrie7m@businessinsider.com,4470441
Noby Livings,nlivings7n@ibm.com,7165723
Minna Tomasino,mtomasino7o@auda.org.au,757311
Nathanil Rekes,nrekes7p@go.com,6180104
Curt Nand,cnand7q@phoca.cz,3132428
Edlin Shivell,eshivell7r@exblog.jp,9817684
Denny Fasler,dfasler7s@slideshare.net,7722399
Blair Abelwhite,babelwhite7t@blogger.com,8241012
Orville Giraudo,ogiraudo7u@canalblog.com,8029720
Olvan Risbrough,orisbrough7v@cbslocal.com,7249360
Maurene Fuente,mfuente7w@liveinternet.ru,9043441
Katy Stryde,kstryde7x@w3.org,8046899
Skipper Ryves,sryves7y@deviantart.com,6145433
Gannon Epple,gepple7z@sfgate.com,6771109
Binni Extance,bextance80@behance.net,7214965
Pebrook Glasheen,pglasheen81@scientificamerican.com,3544973
Garwood McTrustam,gmctrustam82@ameblo.jp,138411
Deanna Borzoni,dborzoni83@sphinn.com,3832488
Mavra Yukhnini,myukhnini84@huffingtonpost.com,709914
Irena Gilkes,igilkes85@npr.org,7433967
Laurella Petlyura,lpetlyura86@techcrunch.com,5796846
Kendal Lawful,klawful87@scientificamerican.com,5972120
Rodge Bosley,rbosley88@hexun.com,7910665
Pet Leathe,pleathe89@indiatimes.com,5977276
Roi Dewberry,rdewberry8a@weebly.com,6502703
Tann Stollmeier,tstollmeier8b@cnbc.com,4783348
Row De Miranda,rde8c@wikispaces.com,4509438
Corabella Lanfere,clanfere8d@baidu.com,8329742
Gerianna Manginot,gmanginot8e@wisc.edu,7609606
Josselyn Christensen,jchristensen8f@squarespace.com,3827386
Rosie Parfett,rparfett8g@baidu.com,3488549
Tressa Ketch,tketch8h@goo.ne.jp,2535015
Shell McNickle,smcnickle8i@biblegateway.com,7223579
Philis Hawkeridge,phawkeridge8j@spotify.com,1506585
Rubie Gyrgorcewicx,rgyrgorcewicx8k@nydailynews.com,9336686
Felice Preddy,fpreddy8l@drupal.org,54975
Merry Enticott,menticott8m@domainmarket.com,1352228
Conan Abbate,cabbate8n@deliciousdays.com,4679807
Susannah Hadrill,shadrill8o@arstechnica.com,4208848
Abelard Bosma,abosma8p@reverbnation.com,6350575
Letta Albery,lalbery8q@columbia.edu,5828376
Abagael Boak,aboak8r@over-blog.com,11381
Dewain Bahl,dbahl8s@t.co,2774463
Rivkah Coutthart,rcoutthart8t@jiathis.com,4179495
Birgitta Breache,bbreache8u@shutterfly.com,7728478
Odo Gravenall,ogravenall8v@shareasale.com,9594174
Sissie Pedlar,spedlar8w@4shared.com,3982786
Justino Baudrey,jbaudrey8x@amazon.co.jp,6105233
Ring Fruen,rfruen8y@ameblo.jp,3240841
Tomlin Ciubutaro,tciubutaro8z@state.tx.us,5304252
Terrill McMarquis,tmcmarquis90@dot.gov,8207833
Gunilla Fassmann,gfassmann91@istockphoto.com,7126669
Tami Lowfill,tlowfill92@marketwatch.com,7659033
Ainslee Yokley,ayokley93@deviantart.com,5253892
Marcos Tongs,mtongs94@baidu.com,3933514
Gelya Boldt,gboldt95@aboutads.info,198831
Nanci Dixie,ndixie96@pcworld.com,1150815
Saunders Domleo,sdomleo97@redcross.org,2799143
Ellyn Storer,estorer98@barnesandnoble.com,5852581
Alanson Haquin,ahaquin99@diigo.com,2086228
Bucky Webland,bwebland9a@opensource.org,3090179
Ceil Ardron,cardron9b@rediff.com,5597722
Dannie Hulstrom,dhulstrom9c@mediafire.com,5512703
Judas Garbett,jgarbett9d@harvard.edu,4102887
Ailbert Alexander,aalexander9e@istockphoto.com,9963344
Imogen MacCarrick,imaccarrick9f@elpais.com,6218172
Harrison Kerner,hkerner9g@amazon.de,2833594
Malinde Trewhella,mtrewhella9h@jugem.jp,1381638
Elisa Howey,ehowey9i@skyrock.com,9667237
Reid Leith,rleith9j@pbs.org,7019925
Tim Stoate,tstoate9k@chronoengine.com,7623880
Danielle Briars,dbriars9l@biglobe.ne.jp,7377512
Spence McTurk,smcturk9m@booking.com,7823876
Maura Nottingham,mnottingham9n@meetup.com,1765516
Mariele Lorenzetti,mlorenzetti9o@uol.com.br,3879613
Aubert Dimitru,adimitru9p@examiner.com,5754472
Lezlie Penfold,lpenfold9q@whitehouse.gov,774813
Gardy Stivani,gstivani9r@blogs.com,6916408
Mufi Hawarden,mhawarden9s@guardian.co.uk,7882129
Rosabel Lochran,rlochran9t@cmu.edu,3255577
Aundrea Haldon,ahaldon9u@yellowbook.com,7047186
Isabel Sapwell,isapwell9v@hc360.com,2858431
Margalo McNeigh,mmcneigh9w@washingtonpost.com,6044004
Hugibert Richings,hrichings9x@over-blog.com,7247243
Hamnet Waker,hwaker9y@wired.com,813052
Banky Kinkade,bkinkade9z@upenn.edu,1283947
Osbert Jouannot,ojouannota0@archive.org,7577576
Edee Canet,ecaneta1@boston.com,2749938
Geri Balderston,gbalderstona2@walmart.com,2562150
Aprilette Phettis,aphettisa3@forbes.com,6107394
Gabbi Acott,gacotta4@barnesandnoble.com,5852656
Letizia Pesic,lpesica5@ycombinator.com,4843817
Stearne Dimelow,sdimelowa6@sbwire.com,7235379
Eldridge Proudley,eproudleya7@gravatar.com,2030893
Mala Piet,mpieta8@quantcast.com,6293081
Ruy Laxston,rlaxstona9@imageshack.us,1062675
Selene Malt,smaltaa@walmart.com,5307772
Welsh Stevani,wstevaniab@go.com,8590206
Rustin McLukie,rmclukieac@nbcnews.com,4632538
Britt Cockshot,bcockshotad@blog.com,8945766
Chryste Valentinetti,cvalentinettiae@1688.com,4627331
Roanna Loggie,rloggieaf@sphinn.com,497597
Dynah Neill,dneillag@sohu.com,4632466
Raquela Trunkfield,rtrunkfieldah@imdb.com,9433373
Mariya Bemlott,mbemlottai@ucla.edu,7201631
Rustie Kalaher,rkalaheraj@google.de,3604006
Sarine Tetlow,stetlowak@cargocollective.com,1750475
Elva McCorrie,emccorrieal@spiegel.de,1863268
Farley Redmain,fredmainam@home.pl,8586749
Vanya Walewski,vwalewskian@boston.com,1543574
Moll Grasha,mgrashaao@networkadvertising.org,7342598
Laural Yewdale,lyewdaleap@fastcompany.com,1936948
Reube Grimmert,rgrimmertaq@goo.gl,1529931
Leigha Kohnen,lkohnenar@reddit.com,1230411
Birch Costley,bcostleyas@myspace.com,7495301
Jewel Grogor,jgrogorat@walmart.com,7128109
Cindra Busk,cbuskau@example.com,8684881
Marcus Hanhardt,mhanhardtav@vinaora.com,1938796
Feodora Van der Beek,fvanaw@mayoclinic.com,8826237
Jenny Betonia,jbetoniaax@prnewswire.com,757738
Fianna Beaushaw,fbeaushaway@msn.com,5914572
Quint Cohrs,qcohrsaz@phoca.cz,4058937
Darcee Stoate,dstoateb0@loc.gov,3459419
Wallis Aiskrigg,waiskriggb1@samsung.com,3098008
Wendeline Priscott,wpriscottb2@plala.or.jp,9732727
Staci Segar,ssegarb3@digg.com,6081379
Erena Bolles,ebollesb4@dailymotion.com,2866226
Berthe Worthington,bworthingtonb5@aol.com,6725031
Dorice Petruszka,dpetruszkab6@noaa.gov,3795200
Prent Gyer,pgyerb7@foxnews.com,8762167
Teodorico Durban,tdurbanb8@drupal.org,4805589
Thane Gothrup,tgothrupb9@bbc.co.uk,6400018
Marys Blakeborough,mblakeboroughba@g.co,6418996
Elaina Hollyer,ehollyerbb@parallels.com,5591017
Andi Bromby,abrombybc@biblegateway.com,3627366
Bryce O'Fihillie,bofihilliebd@weather.com,731975
Mei Bissatt,mbissattbe@barnesandnoble.com,6698969
Caryl Belly,cbellybf@stanford.edu,1062201
Meris Dibnah,mdibnahbg@imgur.com,420096
Alister Stokes,astokesbh@facebook.com,813233
Elysia Weedall,eweedallbi@nifty.com,6121560
Patrica Mishow,pmishowbj@tamu.edu,1935621
Brad Cobbald,bcobbaldbk@merriam-webster.com,9515806
Shannen Carnew,scarnewbl@ebay.com,1477191
Stacee Keizman,skeizmanbm@indiatimes.com,8597625
Bat Challinor,bchallinorbn@ucoz.ru,8619748
Sigismond Willimot,swillimotbo@163.com,9696256
Silvana Eyckelberg,seyckelbergbp@cocolog-nifty.com,9251677
Putnam Winsley,pwinsleybq@nydailynews.com,32186
Parnell Mantram,pmantrambr@boston.com,8084885
Jordain Behrendsen,jbehrendsenbs@china.com.cn,5407928
Carrol McRoberts,cmcrobertsbt@clickbank.net,5953983
Andonis Pilcher,apilcherbu@google.com.br,9618762
Kendrick Andrew,kandrewbv@infoseek.co.jp,1079006
Stanley Doudny,sdoudnybw@technorati.com,4057109
Alika Geerdts,ageerdtsbx@baidu.com,6906721
Marv Varfalameev,mvarfalameevby@addthis.com,3265938
Tomasine Mongeot,tmongeotbz@prlog.org,9297779
Orelie Vipan,ovipanc0@ycombinator.com,12144
Wallis Routh,wrouthc1@hubpages.com,9817935
Alleyn Barron,abarronc2@mapquest.com,2104807
Dexter Rove,drovec3@smugmug.com,6733404
Kenton Dodgshun,kdodgshunc4@google.it,7958180
Gustave Caze,gcazec5@usatoday.com,1951531
Cirillo Wintringham,cwintringhamc6@cbslocal.com,2563666
Orbadiah Sellen,osellenc7@google.fr,5865356
Tove Jeyes,tjeyesc8@de.vu,6219879
Jennine Bridgeland,jbridgelandc9@feedburner.com,2068947
Alli Pellett,apellettca@soup.io,5846883
Eleanora Sture,esturecb@google.co.uk,99210
Dode Oxtiby,doxtibycc@hp.com,1294040
Kelley Klemt,kklemtcd@huffingtonpost.com,1461388
Louella Attree,lattreece@hhs.gov,3479366
Heinrick Matheson,hmathesoncf@spiegel.de,666729
Cullan Udie,cudiecg@japanpost.jp,3328517
Lurette Jinkin,ljinkinch@aboutads.info,3996518
Dagny Mobbs,dmobbsci@privacy.gov.au,9325544
Mano Domney,mdomneycj@businessinsider.com,3379385
Hazlett Froschauer,hfroschauerck@wikimedia.org,8832960
Maren Tibald,mtibaldcl@booking.com,3746080
De witt Langdon,dwittcm@rambler.ru,666922
Pall Wagg,pwaggcn@sciencedaily.com,1149374
Nelli Sandwich,nsandwichco@auda.org.au,2000770
Kerk Berrycloth,kberryclothcp@sohu.com,6448792
Ilaire Beyne,ibeynecq@foxnews.com,8781681
Raoul Vicarey,rvicareycr@oaic.gov.au,3190349
Pattie Flaubert,pflaubertcs@bluehost.com,3500184
Arvin Gooden,agoodenct@printfriendly.com,8143085
Jeth Blaisdale,jblaisdalecu@behance.net,6474094
Janetta Slograve,jslogravecv@qq.com,1358351
Cam Dimitrie,cdimitriecw@github.com,349292
Torey Driuzzi,tdriuzzicx@mayoclinic.com,6498921
Robbin Jorg,rjorgcy@domainmarket.com,3019606
Roseanne Grinvalds,rgrinvaldscz@elegantthemes.com,5810620
Vyky Adamthwaite,vadamthwaited0@yale.edu,7278057
Liliane Wimsett,lwimsettd1@abc.net.au,328549
Regan Kennaird,rkennairdd2@godaddy.com,7857239
Haleigh Marples,hmarplesd3@imageshack.us,9766312
Lionel Birrane,lbirraned4@sakura.ne.jp,8945296
Carlina Blakebrough,cblakebroughd5@dion.ne.jp,6280517
Eva Varney,evarneyd6@cyberchimps.com,8623391
Domenic Bull,dbulld7@nsw.gov.au,2358770
Angelo Sheeres,asheeresd8@angelfire.com,2332445
Devora Dunne,ddunned9@nps.gov,3236194
Bertina Olivelli,bolivellida@dmoz.org,5097897
Lorettalorna Abrahamovitz,labrahamovitzdb@theguardian.com,3807106
Penelopa Dupoy,pdupoydc@csmonitor.com,1079075
Belicia Mc Pake,bmcdd@mayoclinic.com,3755062
Kari Pallent,kpallentde@smh.com.au,9304786
Laurianne Sissens,lsissensdf@bizjournals.com,8430140
Ignace Tirrey,itirreydg@tmall.com,2480146
Ichabod Breeze,ibreezedh@theatlantic.com,9035632
Sallyann Say,ssaydi@cam.ac.uk,5642810
Hartwell Meaker,hmeakerdj@ow.ly,7248192
Sebastiano Lugsdin,slugsdindk@quantcast.com,7959087
Tirrell De Blasi,tdedl@sakura.ne.jp,7304083
Augustus Tritten,atrittendm@last.fm,9594664
Farrell McAuley,fmcauleydn@wikia.com,75497
Leora Lamberto,llambertodo@ox.ac.uk,5052008
Bealle Willbourne,bwillbournedp@ucsd.edu,1105403
Corena Piddlehinton,cpiddlehintondq@psu.edu,3964851
Vanny Beaudry,vbeaudrydr@wordpress.org,331983
Worth Lensch,wlenschds@wikipedia.org,7432593
Blair Noraway,bnorawaydt@slideshare.net,2157601
Victoir Grose,vgrosedu@g.co,826224
Page Oleszcuk,poleszcukdv@yandex.ru,5731878
Guinevere Cornish,gcornishdw@smh.com.au,9872943
Tiff Gutridge,tgutridgedx@independent.co.uk,2868715
Bronson Lahive,blahivedy@cpanel.net,1431969
Israel Prydie,iprydiedz@opera.com,4658961
Darya Bolton,dboltone0@oaic.gov.au,544460
Niko Jancso,njancsoe1@wp.com,3953525
Niki Munning,nmunninge2@linkedin.com,5162519
Agathe Conti,acontie3@aol.com,3247404
Laurence Cicccitti,lcicccittie4@newyorker.com,9559525
Nero Prover,nprovere5@wsj.com,5023950
Holli Deeson,hdeesone6@nih.gov,6718687
Jerrome Laughnan,jlaughnane7@google.co.uk,3838800
Atlanta Samudio,asamudioe8@theatlantic.com,8923346
Dru Gilling,dgillinge9@sbwire.com,2293037
Vassily Rastrick,vrastrickea@deviantart.com,5254599
Rina Cowins,rcowinseb@nba.com,4773914
Frasquito Scoffham,fscoffhamec@virginia.edu,3355636
Thorn Very,tveryed@gov.uk,7468191
Adriaens Myrtle,amyrtleee@nature.com,7558588
Gunther Scarlin,gscarlinef@is.gd,5713057
Mariana Treweela,mtreweelaeg@so-net.ne.jp,7347369
Mireille Damper,mdampereh@usda.gov,8238857
Odilia Malpas,omalpasei@wp.com,5662730
Mallory Gurrado,mgurradoej@slate.com,4349098
Robinetta Venard,rvenardek@chron.com,9860339
Bobbee Porteous,bporteousel@google.pl,7101757
Chrissie Spoure,cspoureem@deviantart.com,3020414
Aarika Ceely,aceelyen@shinystat.com,4759269
Kanya Newdick,knewdickeo@webmd.com,9052824
Isaiah Shawley,ishawleyep@nhs.uk,5223879
Vail McLay,vmclayeq@salon.com,7766164
Carolyne Cayton,ccaytoner@rediff.com,7508857
Giordano Devas,gdevases@uiuc.edu,9301375
Sissy Abramovitz,sabramovitzet@bbc.co.uk,5672571
Tracey Bandy,tbandyeu@fastcompany.com,7965471
Debi Brightman,dbrightmanev@soundcloud.com,5380135
Cathee Cardis,ccardisew@wordpress.org,8982108
Chuck Yewdall,cyewdallex@techcrunch.com,9866589
Andrea Cooper,acooperey@indiegogo.com,2964
Christye Lockney,clockneyez@toplist.cz,4162279
Felicdad Twitty,ftwittyf0@apache.org,3114844
Ced Hinstridge,chinstridgef1@nymag.com,4118663
Mona Gotts,mgottsf2@princeton.edu,8229198
Dene Stephenson,dstephensonf3@time.com,1242263
Bertha Baudry,bbaudryf4@cdbaby.com,9415504
Wendell Binney,wbinneyf5@hao123.com,7044750
Denys Cole,dcolef6@studiopress.com,6103621
Karlotte Domenget,kdomengetf7@youtube.com,3684050
Clarine Nelthrop,cnelthropf8@gnu.org,1779705
Rayshell Comettoi,rcomettoif9@springer.com,237822
Moria Dummigan,mdummiganfa@sphinn.com,5103118
Husein Tibols,htibolsfb@plala.or.jp,7182535
Gale Gauntlett,ggauntlettfc@histats.com,5875764
Amandy Catcherside,acatchersidefd@stanford.edu,2523666
Perla Etherson,pethersonfe@posterous.com,9411244
Peggie Menure,pmenureff@ycombinator.com,2767148
Sapphire Snoddon,ssnoddonfg@ovh.net,3722006
Pail Simonou,psimonoufh@dropbox.com,5739026
Lorianna Vernall,lvernallfi@i2i.jp,881549
Alberik Bamlett,abamlettfj@gravatar.com,8452882
Deanne Tolchar,dtolcharfk@ehow.com,3669565
Thorn Halloran,thalloranfl@reddit.com,7020299
Coreen Fewkes,cfewkesfm@squarespace.com,5846914
Creigh Bachanski,cbachanskifn@instagram.com,8464775
Wood Cordaroy,wcordaroyfo@cyberchimps.com,6405851
Minnnie Peabody,mpeabodyfp@smh.com.au,8680841
Darin Allston,dallstonfq@elpais.com,124595
Meyer Lackney,mlackneyfr@toplist.cz,4162580
Griswold Perks,gperksfs@xrea.com,5135781
Thorndike Jollye,tjollyeft@ftc.gov,8882925
Marilin Lezemere,mlezemerefu@slate.com,366172
Nanice Lamyman,nlamymanfv@edublogs.org,2544158
Meara Cotterill,mcotterillfw@last.fm,4222747
Ashton Winch,awinchfx@fema.gov,1135609
Robbie Schnieder,rschniederfy@tumblr.com,9935871
Hagen Staniland,hstanilandfz@berkeley.edu,3580380
Corrina Coulthard,ccoulthardg0@sohu.com,9403295
Mylo Fogden,mfogdeng1@wix.com,5194402
Megan Buchan,mbuchang2@yahoo.com,4173367
Marga Bestman,mbestmang3@wordpress.com,1686555
Mathilde Gourley,mgourleyg4@example.com,3717166
Eda Byass,ebyassg5@springer.com,9794866
Lorilyn Brasener,lbrasenerg6@mapy.cz,4172692
Melita Langtree,mlangtreeg7@ebay.co.uk,7921870
Moritz Feldmesser,mfeldmesserg8@uol.com.br,6128525
Noni Vinecombe,nvinecombeg9@1und1.de,8274130
Osbourn Bertwistle,obertwistlega@ted.com,9826936
Xylia Venton,xventongb@over-blog.com,5262776
Mona Carnalan,mcarnalangc@sphinn.com,2441099
Alonzo Petrazzi,apetrazzigd@livejournal.com,2318932
Jamey Jachtym,jjachtymge@census.gov,1837328
Emili Gouch,egouchgf@usatoday.com,9615141
Em Waiton,ewaitongg@biglobe.ne.jp,2319322
Tab Gierke,tgierkegh@ow.ly,1232412
Biddy Hattam,bhattamgi@rakuten.co.jp,823218
Sari Chasle,schaslegj@ft.com,8018223
Nichols Handrahan,nhandrahangk@bloomberg.com,5612350
Jasun Trubshawe,jtrubshawegl@github.io,2822990
Abdel Scurr,ascurrgm@macromedia.com,5774543
Ernie Grover,egrovergn@bizjournals.com,7403745
Robinette Chaffer,rchaffergo@gravatar.com,7719002
Gretchen Search,gsearchgp@surveymonkey.com,1413231
Case Petrushka,cpetrushkagq@oakley.com,8728418
Murial Kehir,mkehirgr@miibeian.gov.cn,7501305
Julie Martindale,jmartindalegs@jugem.jp,1774328
Raina Copcutt,rcopcuttgt@psu.edu,7450026
Bernardina Kahane,bkahanegu@google.it,7117299
Robbyn Mylechreest,rmylechreestgv@parallels.com,7342568
Benedikta Scarlett,bscarlettgw@naver.com,3508749
Nessi Fleury,nfleurygx@dailymail.co.uk,4050091
Cordey Kort,ckortgy@dyndns.org,7965138
Denver Warburton,dwarburtongz@spotify.com,3357203
Nikki Treacher,ntreacherh0@t.co,344556
Jeramie Grumley,jgrumleyh1@icio.us,3574740
Jason Van den Velden,jvanh2@paginegialle.it,8009660
Pippo Salt,psalth3@dailymotion.com,4395875
Ozzie Gleeson,ogleesonh4@desdev.cn,218373
Annamaria Rhodef,arhodefh5@toplist.cz,852949
Netta Sphinxe,nsphinxeh6@rediff.com,2974758
Luke Hundy,lhundyh7@google.co.jp,1646836
Anet Prime,aprimeh8@zimbio.com,4201646
Michel McBrearty,mmcbreartyh9@people.com.cn,3753549
Netti Grose,ngroseha@rakuten.co.jp,1098211
Lurleen Beardon,lbeardonhb@ox.ac.uk,5961123
Lil Sedwick,lsedwickhc@sourceforge.net,4254145
Levy Earwicker,learwickerhd@scribd.com,7391172
Jerrie De la Yglesia,jdehe@toplist.cz,9154200
Julienne Attride,jattridehf@who.int,9191213
Maggi Hulse,mhulsehg@moonfruit.com,5102177
Bordy Blumfield,bblumfieldhh@ucla.edu,7149013
Britt Oylett,boyletthi@upenn.edu,3904021
Gearalt Laminman,glaminmanhj@wiley.com,5027199
Janka Bedo,jbedohk@zdnet.com,9331184
Morty Picker,mpickerhl@archive.org,8631193
Rheba Jerrom,rjerromhm@behance.net,3323246
Fianna Hargie,fhargiehn@fastcompany.com,9278479
Danya McGrah,dmcgrahho@census.gov,7256052
Marjory Maher,mmaherhp@merriam-webster.com,406335
Arnie Charopen,acharopenhq@spotify.com,8093946
Morty Kears,mkearshr@fda.gov,7180379
Yoshiko Ardron,yardronhs@dagondesign.com,4986706
Harwell Grzelczyk,hgrzelczykht@chicagotribune.com,4749323
Hailey Neligan,hneliganhu@123-reg.co.uk,3413635
Marne Riedel,mriedelhv@forbes.com,3259223
Dukie Glenister,dglenisterhw@wordpress.org,2435388
Chrissy Gersam,cgersamhx@seesaa.net,1884092
Dermot Crookes,dcrookeshy@vimeo.com,5029513
Wendall Khotler,wkhotlerhz@newyorker.com,2282054
Chev Sunners,csunnersi0@icio.us,4157159
Britni Childs,bchildsi1@cornell.edu,2550947
Whittaker Attyeo,wattyeoi2@reverbnation.com,4455180
Allin Gronow,agronowi3@scribd.com,2285252
Kamilah Hattigan,khattigani4@prnewswire.com,180383
Joella Mander,jmanderi5@google.co.jp,5208823
Brockie Roly,brolyi6@epa.gov,3139782
Darya Plett,dpletti7@nifty.com,6840516
Obediah Vida,ovidai8@gmpg.org,8896369
Valeda Beardshaw,vbeardshawi9@comsenz.com,5679812
Stirling Challinor,schallinoria@nydailynews.com,645467
Huntlee Itzkin,hitzkinib@indiatimes.com,1536447
Shayla Wooles,swoolesic@wikispaces.com,2559886
Zane Imison,zimisonid@umn.edu,6044406
Siusan Borrell,sborrellie@blogger.com,1080347
Lutero Calvard,lcalvardif@thetimes.co.uk,5352548
Monroe Ballay,mballayig@oakley.com,5260653
Lamond Meeks,lmeeksih@plala.or.jp,5167267
Ermina Montes,emontesii@paginegialle.it,3168280
Devin Corbyn,dcorbynij@altervista.org,7288106
Zedekiah Lepoidevin,zlepoidevinik@last.fm,5461779
Armstrong Orleton,aorletonil@sfgate.com,110543
Raphael Audley,raudleyim@acquirethisname.com,587730
Briggs Jost,bjostin@prnewswire.com,1826580
Bobbie Davies,bdaviesio@photobucket.com,7460882
Cammy Rosebotham,crosebothamip@globo.com,5782906
Hedda Shellsheere,hshellsheereiq@fda.gov,6340339
Nick Rudham,nrudhamir@webmd.com,1827816
Peter Probyn,pprobynis@example.com,3291814
Kelby Toal,ktoalit@blog.com,403771
Alayne Popping,apoppingiu@tinyurl.com,1937397
Martin Maciejewski,mmaciejewskiiv@over-blog.com,1402773
Linnie Brecknock,lbrecknockiw@gov.uk,9798986
Almeria Hancell,ahancellix@geocities.jp,2753030
Branden Camamile,bcamamileiy@hao123.com,8754714
Mortie Gurry,mgurryiz@prweb.com,8103730
Jordon Vuitte,jvuittej0@nps.gov,7806835
Baxie Evens,bevensj1@cam.ac.uk,6017271
Preston Mose,pmosej2@nydailynews.com,9435954
Shurwood Berthomieu,sberthomieuj3@webs.com,1717290
Matilda McNeill,mmcneillj4@alexa.com,6145069
Torry Meech,tmeechj5@illinois.edu,4727696
Glynnis Lethardy,glethardyj6@utexas.edu,5640971
Giles Mattedi,gmattedij7@eepurl.com,9641154
Saunder Savile,ssavilej8@statcounter.com,6296991
Alwin Beavon,abeavonj9@edublogs.org,7148446
Darline Fery,dferyja@1688.com,325946
Garret Skewes,gskewesjb@japanpost.jp,3241117
Hayes Halesworth,hhalesworthjc@washington.edu,1802091
Antin Colbertson,acolbertsonjd@elpais.com,7503944
Newton Shewsmith,nshewsmithje@cafepress.com,8067592
Storm Blockwell,sblockwelljf@shareasale.com,7760830
Rutger Trewhela,rtrewhelajg@blogs.com,2786511
Jacquelyn Collip,jcollipjh@g.co,8778432
Nichol Fishley,nfishleyji@nyu.edu,267782
Alvis Domenichelli,adomenichellijj@apache.org,8113132
Warde Maffini,wmaffinijk@miibeian.gov.cn,7617795
Gifford Kellington,gkellingtonjl@netvibes.com,9839978
Quintus Wimbush,qwimbushjm@meetup.com,1449201
Calvin Marriage,cmarriagejn@reference.com,7918842
Daven Jenney,djenneyjo@fda.gov,808263
Hillel Giraudot,hgiraudotjp@samsung.com,995120
Barton Grinham,bgrinhamjq@ocn.ne.jp,6573037
Leo Roocroft,lroocroftjr@pcworld.com,4762116
Roseanne Christene,rchristenejs@jiathis.com,2590677
Sibley Naish,snaishjt@bigcartel.com,7273662
Lukas Hrinishin,lhrinishinju@accuweather.com,5628364
Reiko Goodread,rgoodreadjv@mail.ru,1030579
Karlan A'Barrow,kabarrowjw@wufoo.com,7010621
Quinton Hutchinges,qhutchingesjx@mozilla.com,2610736
Davon Nicolls,dnicollsjy@fastcompany.com,5665525
Monah Desseine,mdesseinejz@stumbleupon.com,5401039
Son Fakes,sfakesk0@opera.com,5087091
Gael Iliff,giliffk1@yellowbook.com,9131276
Howard Longthorne,hlongthornek2@marketwatch.com,1562684
Lacie Bockett,lbockettk3@1und1.de,3704618
Guenna Bolzen,gbolzenk4@auda.org.au,6275524
Meyer Rumbellow,mrumbellowk5@chronoengine.com,1491818
Clyde Rains,crainsk6@telegraph.co.uk,203922
Hillery Godsil,hgodsilk7@google.com,6003836
Gale Coston,gcostonk8@imgur.com,5632932
Lorenzo Hugues,lhuguesk9@ow.ly,3183531
Jasmina Tapply,jtapplyka@auda.org.au,4385902
Mersey Goundry,mgoundrykb@wiley.com,6186247
Engracia Bales,ebaleskc@webmd.com,356283
Gerek Hixley,ghixleykd@blogs.com,357879
Forster Gaskamp,fgaskampke@clickbank.net,33824
Javier Hedditch,jhedditchkf@mtv.com,8720410
Aundrea Kamien,akamienkg@hexun.com,3495172
Suzann Challens,schallenskh@accuweather.com,9509754
Tallou Ducarel,tducarelki@istockphoto.com,7134688
Solly Sleight,ssleightkj@google.co.jp,2869705
Price Powelee,ppoweleekk@purevolume.com,2720450
Hammad Daviot,hdaviotkl@mtv.com,9088912
Zachary Casper,zcasperkm@livejournal.com,1150154
Leslie Scantlebury,lscantleburykn@wsj.com,3046251
Nona Newbatt,nnewbattko@google.com.au,3979510
Nissa O'Finan,nofinankp@pbs.org,14741
Sebastien Munson,smunsonkq@simplemachines.org,1672303
Gunilla Ancliffe,gancliffekr@xrea.com,1354479
Latrina Woolston,lwoolstonks@cnbc.com,5832606
Edsel Fink,efinkkt@fda.gov,3766332
Stirling Starmore,sstarmoreku@oakley.com,9530497
Frazier Dielhenn,fdielhennkv@opera.com,2799498
Krysta Figura,kfigurakw@ebay.co.uk,4270719
Huey Wethey,hwetheykx@jimdo.com,7147155
Elvis Ariss,earissky@lycos.com,8031704
Gusta Farrants,gfarrantskz@delicious.com,4228023
Chad Armatys,carmatysl0@home.pl,9914898
Toni Yurtsev,tyurtsevl1@harvard.edu,3475163
Friedrich Godon,fgodonl2@google.pl,9533322
Tamarah Dy,tdyl3@blogspot.com,1805093
Jesse Veljes,jveljesl4@soundcloud.com,2093581
Dawn d'Escoffier,ddescoffierl5@whitehouse.gov,5028509
Rees Androlli,randrollil6@reference.com,4904810
Harlie MacNeill,hmacneilll7@last.fm,5872987
Nessa Swannack,nswannackl8@bloglovin.com,8512864
Junina Chanter,jchanterl9@networkadvertising.org,3806043
Kalila Lippitt,klippittla@thetimes.co.uk,3931412
Ezmeralda Zorzoni,ezorzonilb@chronoengine.com,3067464
Ardys Gelly,agellylc@springer.com,2010191
Chloette Rozzell,crozzellld@sitemeter.com,2795088
Homere Birkmyr,hbirkmyrle@java.com,1908176
Devan Thurling,dthurlinglf@engadget.com,1355970
Etheline Bramont,ebramontlg@blogger.com,9953395
Valaria Weldon,vweldonlh@cisco.com,7980010
Jessie Hovell,jhovellli@arstechnica.com,7707525
Brianne Chipps,bchippslj@thetimes.co.uk,4702200
Pattie Farncomb,pfarncomblk@ameblo.jp,78941
Bartolemo Skrzynski,bskrzynskill@harvard.edu,5274869
Glendon Billings,gbillingslm@cyberchimps.com,9993737
Anallise Inwood,ainwoodln@imgur.com,4155330
Shanda Whaites,swhaiteslo@elpais.com,3229288
Marcel Stoppe,mstoppelp@symantec.com,9896330
Everard Sheehan,esheehanlq@freewebs.com,6817947
Celestine Lindenfeld,clindenfeldlr@angelfire.com,2598173
Nev Sleeman,nsleemanls@shutterfly.com,2340801
Trenna Quenby,tquenbylt@amazon.de,4825512
Mariya Hambric,mhambriclu@pagesperso-orange.fr,501093
Ketti Sertin,ksertinlv@auda.org.au,1693379
Hilary Longstaff,hlongstafflw@umn.edu,5244750
Ilka Huegett,ihuegettlx@skyrock.com,8783552
Sharona Peat,speatly@1und1.de,5060810
Israel Petrol,ipetrollz@yahoo.co.jp,4330861
Lonnie Chifney,lchifneym0@hexun.com,2581199
Arman Ames,aamesm1@usatoday.com,951329
Micheal Huster,mhusterm2@pagesperso-orange.fr,7376209
Gayleen Meace,gmeacem3@xinhuanet.com,4311745
Wesley Spikeings,wspikeingsm4@huffingtonpost.com,1952998
Dylan Shapland,dshaplandm5@usnews.com,9438214
Marleah Shefton,msheftonm6@squarespace.com,9976248
Lesya Oene,loenem7@artisteer.com,1868870
Emili Weatherill,eweatherillm8@mediafire.com,7457243
Mendie Stebbings,mstebbingsm9@flickr.com,9805704
Dasya Lenox,dlenoxma@mapy.cz,2062049
Corey Leuty,cleutymb@economist.com,5082461
Cly Mohammed,cmohammedmc@va.gov,9429849
Carmon Passe,cpassemd@nytimes.com,1875210
Barb Bulfit,bbulfitme@chronoengine.com,1112735
Bond Golling,bgollingmf@last.fm,1391907
Lezley Jorez,ljorezmg@homestead.com,1989375
Lelah De Dei,ldemh@hc360.com,6052318
Susanna Ropkes,sropkesmi@nytimes.com,2375640
Beryle Sinderland,bsinderlandmj@ed.gov,6302289
Kathlin Govey,kgoveymk@symantec.com,5204670
Parke Campey,pcampeyml@narod.ru,6619025
Arturo Scorthorne,ascorthornemm@wisc.edu,3291012
Callida Bohlens,cbohlensmn@techcrunch.com,4531039
Diego Stillgoe,dstillgoemo@vk.com,9899562
Dottie Bartolacci,dbartolaccimp@surveymonkey.com,7315784
Chanda Rackley,crackleymq@hexun.com,6991080
Alissa Manicom,amanicommr@japanpost.jp,2964976
Wylma Eastgate,weastgatems@ftc.gov,4852493
Gannie Hildrew,ghildrewmt@facebook.com,899529
Burt Sleaford,bsleafordmu@slideshare.net,5578238
Sheela Cheeke,scheekemv@cnet.com,4036720
Meredith Linzee,mlinzeemw@cocolog-nifty.com,2172551
Stepha Doble,sdoblemx@ocn.ne.jp,1472582
Zacharias Cuerdall,zcuerdallmy@sakura.ne.jp,1963073
Erda Stoffers,estoffersmz@angelfire.com,5720556
Leanora Brereton,lbreretonn0@woothemes.com,4475144
Candis Stood,cstoodn1@columbia.edu,3585101
Graehme McDiarmid,gmcdiarmidn2@deviantart.com,7993463
Marlo Caws,mcawsn3@creativecommons.org,8063824
Nickey Kopfen,nkopfenn4@house.gov,9956747
April Burgum,aburgumn5@i2i.jp,4137329
Raymond Sibbering,rsibberingn6@wix.com,6640567
Egor Marl,emarln7@youtu.be,3274476
Rafe Epine,repinen8@shareasale.com,2593006
Matilde Keenor,mkeenorn9@deliciousdays.com,407794
Stafford Biesterfeld,sbiesterfeldna@fema.gov,4446491
Abbey Baccup,abaccupnb@macromedia.com,916415
Renard Ambrosch,rambroschnc@npr.org,9146367
Mady Geaves,mgeavesnd@drupal.org,5048428
Car Robak,crobakne@google.es,5169737
Bernete Opy,bopynf@behance.net,8538912
Tobias Bark,tbarkng@networksolutions.com,5901949
Mollie Garbutt,mgarbuttnh@wiley.com,2605077
Umberto Hazlehurst,uhazlehurstni@freewebs.com,8817974
Tiffani Strangeways,tstrangewaysnj@blog.com,3616684
Orion Tremaine,otremainenk@pinterest.com,8818950
Jade Mowson,jmowsonnl@blinklist.com,201288
Bianka Audley,baudleynm@typepad.com,8874470
Kettie Wickey,kwickeynn@gov.uk,5243209
Sianna Craiker,scraikerno@pen.io,7055016
Del Wohler,dwohlernp@imageshack.us,4354859
Tom Adcocks,tadcocksnq@chicagotribune.com,4736223
Daria Sigmund,dsigmundnr@ucoz.com,9510469
Erda Raggett,eraggettns@sina.com.cn,2063927
Silvia Ordish,sordishnt@samsung.com,7962289
Trudie Horwell,thorwellnu@sciencedaily.com,8742322
Sam Haville,shavillenv@berkeley.edu,338611
Gustav Kunzel,gkunzelnw@psu.edu,5999480
Octavius Lascell,olascellnx@gov.uk,203944
Gratiana Hutt,ghuttny@imdb.com,8443651
Crysta Bickerdyke,cbickerdykenz@princeton.edu,5523774
Peder Dillingstone,pdillingstoneo0@tripadvisor.com,4259159
Eb Goodlett,egoodletto1@mapquest.com,793464
Julie Antonutti,jantonuttio2@nydailynews.com,7098696
Anastasie McClymond,amcclymondo3@mozilla.org,4078683
Roarke Pyett,rpyetto4@artisteer.com,1044742
Blythe Dominguez,bdominguezo5@jugem.jp,8510836
Chadd Rosenfarb,crosenfarbo6@bing.com,718255
Catarina Linden,clindeno7@trellian.com,3265242
Rufe Graben,rgrabeno8@businesswire.com,1617708
Jelene Tedman,jtedmano9@japanpost.jp,4334345
Howie Simpole,hsimpoleoa@i2i.jp,9156200
Ardella Parke,aparkeob@salon.com,9005451
Alvis Krahl,akrahloc@godaddy.com,1659481
Costa Stollberg,cstollbergod@nps.gov,2303637
Bary Brewers,bbrewersoe@163.com,4876720
Abby Bimson,abimsonof@telegraph.co.uk,5441390
Melesa Pabelik,mpabelikog@chron.com,6692576
Garrard MacGill,gmacgilloh@meetup.com,9319854
Hans Bilby,hbilbyoi@prlog.org,7544168
Ker Scading,kscadingoj@themeforest.net,9222866
Anthiathia Earp,aearpok@goo.ne.jp,2738742
Deena Heath,dheathol@plala.or.jp,1285849
Hugh Goodin,hgoodinom@nih.gov,6292200
Farrel Varey,fvareyon@mapy.cz,875575
Adaline Capes,acapesoo@aboutads.info,1809266
Nariko Prestige,nprestigeop@globo.com,875567
Pietro Gariff,pgariffoq@loc.gov,3427889
Gilly Matussevich,gmatussevichor@hexun.com,8176633
Trevor Motte,tmotteos@stumbleupon.com,1318595
Frants Tippell,ftippellot@wisc.edu,7937647
Ardelle Bahike,abahikeou@naver.com,4440111
Mike McIlveen,mmcilveenov@yolasite.com,7650887
Romola Miguel,rmiguelow@house.gov,1548552
Quintus Dowbiggin,qdowbigginox@flickr.com,3851945
Bernadina Greenall,bgreenalloy@addthis.com,665328
Netti Tunno,ntunnooz@google.pl,6327555
Isabeau Trencher,itrencherp0@free.fr,7220826
Der Lehenmann,dlehenmannp1@webs.com,7561977
Loren Filipov,lfilipovp2@lycos.com,3612918
Allsun Seakes,aseakesp3@census.gov,822488
Mame Farnan,mfarnanp4@uol.com.br,4800871
Fayre Brettle,fbrettlep5@about.me,3500670
Kipp Linnemann,klinnemannp6@sina.com.cn,9177266
Shem Prantoni,sprantonip7@hhs.gov,4392302
Lief Hinze,lhinzep8@amazon.com,737799
Tannie Girdwood,tgirdwoodp9@dot.gov,6480760
Sande Renzo,srenzopa@va.gov,1728884
Alasteir Radmer,aradmerpb@homestead.com,2326756
Noellyn McNiven,nmcnivenpc@marketwatch.com,8711261
Emlyn Litherland,elitherlandpd@tinypic.com,4882981
Malva Sunock,msunockpe@wired.com,7036165
Melessa Behnecke,mbehneckepf@squidoo.com,4500425
Gifford Mogg,gmoggpg@i2i.jp,1633463
Valera Conyers,vconyersph@bbc.co.uk,1739987
Kora Cawthorn,kcawthornpi@nhs.uk,2901790
Kenneth Dismore,kdismorepj@prweb.com,7140631
Pedro Banbrigge,pbanbriggepk@redcross.org,6523921
Marylou Dilon,mdilonpl@jiathis.com,8540637
Fran Camm,fcammpm@answers.com,9704239
Benedikta Casari,bcasaripn@live.com,3170377
Sheffie Bascombe,sbascombepo@networksolutions.com,6578025
Andriette Trenbey,atrenbeypp@sun.com,4169144
Lura Muldrew,lmuldrewpq@myspace.com,350634
Alyse Edie,aediepr@irs.gov,3041737
Jonis Chadwin,jchadwinps@howstuffworks.com,7644696
Deck Goodlet,dgoodletpt@shareasale.com,5463938
Alexis Dunderdale,adunderdalepu@cyberchimps.com,8094498
Aeriel Brickwood,abrickwoodpv@blogtalkradio.com,1946015
Gilemette Popplestone,gpopplestonepw@icq.com,9031493
Candra Onians,conianspx@domainmarket.com,4727007
Denise Burgyn,dburgynpy@springer.com,9120349
Mortie Guillain,mguillainpz@elegantthemes.com,3007406
Raffaello Carmen,rcarmenq0@sogou.com,4148838
Lynnett Focke,lfockeq1@ask.com,3751345
Leslie Allsworth,lallsworthq2@miitbeian.gov.cn,4257983
Novelia Stedson,nstedsonq3@patch.com,421458
Ellette Morrant,emorrantq4@umich.edu,9260983
Hermie Fredson,hfredsonq5@abc.net.au,2869528
Editha Berggren,eberggrenq6@photobucket.com,9350293
Valenka Snuggs,vsnuggsq7@huffingtonpost.com,8400971
Loraine Overpool,loverpoolq8@nsw.gov.au,5329523
Steffane Knevett,sknevettq9@newsvine.com,6616798
Yulma Bradly,ybradlyqa@twitter.com,8858830
Lillian Onele,loneleqb@chicagotribune.com,9211218
Orelia Oganian,ooganianqc@skype.com,8758518
Jen Camilli,jcamilliqd@163.com,2491198
Malanie Harty,mhartyqe@reverbnation.com,949790
Natalie Aliman,nalimanqf@marriott.com,7255435
Barrie Barles,bbarlesqg@cbslocal.com,4783115
Emmery Ksandra,eksandraqh@blinklist.com,4530470
Sayers Bryns,sbrynsqi@ebay.com,7611187
Rufus Volks,rvolksqj@ocn.ne.jp,7917326
Gabriello Cayzer,gcayzerqk@acquirethisname.com,1043247
Lucretia Oldridge,loldridgeql@ow.ly,2311843
Toddie Murty,tmurtyqm@yelp.com,2090477
Jojo Endacott,jendacottqn@rambler.ru,1882504
Maggi Ibbs,mibbsqo@imgur.com,5141258
Wilburt Breyt,wbreytqp@businesswire.com,1335233
Loise Franceschi,lfranceschiqq@prweb.com,5903388
Nat Moller,nmollerqr@mapquest.com,9790890
Dannel Birdsey,dbirdseyqs@furl.net,4825347
Addie Cutts,acuttsqt@prnewswire.com,1168289
Hart Leith-Harvey,hleithharveyqu@businesswire.com,4753577
Jerome Bamb,jbambqv@dion.ne.jp,6953846
Buiron Sinclaire,bsinclaireqw@google.com.br,8974483
Welby Mathewson,wmathewsonqx@vistaprint.com,3691015
Hugues Evetts,hevettsqy@forbes.com,9855297
Marie Shorto,mshortoqz@prweb.com,8885237
Sara-ann Gantzman,sgantzmanr0@comsenz.com,5678083
Valentina Vasentsov,vvasentsovr1@purevolume.com,136236
Beverie Veivers,bveiversr2@domainmarket.com,795242
Lorrie Pinck,lpinckr3@indiegogo.com,782069
Shayne Pendrill,spendrillr4@independent.co.uk,908504
Murray Mannion,mmannionr5@geocities.com,1642248
Armin Dmisek,admisekr6@nationalgeographic.com,9583132
Avram Grinstead,agrinsteadr7@cam.ac.uk,9357076
Orbadiah Sacks,osacksr8@ucoz.com,6417600
Eada McCaffrey,emccaffreyr9@ucoz.ru,7892358
Calvin Onn,connra@bigcartel.com,7822938
Annabell Megarry,amegarryrb@berkeley.edu,8333041
De witt Kryska,dwittrc@booking.com,5103363
Marthena Atkirk,matkirkrd@tumblr.com,2113886
Matthieu Lees,mleesre@theglobeandmail.com,9914821
Ondrea Rozet,orozetrf@sciencedaily.com,3367135
Eugenio Tynan,etynanrg@bloomberg.com,1057657
Rebecca Lancetter,rlancetterrh@bbc.co.uk,625839
Abran De Witt,aderi@house.gov,754304
Ardelia Pigny,apignyrj@answers.com,5371121
Evania Vinden,evindenrk@biglobe.ne.jp,1090979
Yuma Ussher,yussherrl@hatena.ne.jp,1272609
Michail Moreinu,mmoreinurm@phpbb.com,7894218
Durant Strete,dstretern@tiny.cc,6611398
Winna Knyvett,wknyvettro@twitter.com,5729524
Melvyn Straine,mstrainerp@google.cn,8340171
Timi Coady,tcoadyrq@hc360.com,2686269
Merle Bremeyer,mbremeyerrr@ifeng.com,4254078